{
  "app_list": [
    "in.juspay.ec",
    "in.juspay.escrow",
    "in.juspay.godel",
    "in.juspay.godel.placeholder",
    "in.juspay.hyperapi",
    "in.juspay.hyperos",
    "in.juspay.hyperos.placeholder",
    "in.juspay.hyperpay",
    "in.juspay.upiintent"
  ],
  "dependencies": {
    "in.juspay.ec": {
      "default": {
        "entry": "base.html",
        "required_apps": [
          "in.juspay.escrow",
          "in.juspay.godel.placeholder",
          "in.juspay.hyperos.placeholder",
          "in.juspay.upiintent"
        ],
        "root": "payments/in.juspay.ec/"
      }
    },
    "in.juspay.escrow": {
      "default": {
        "entry": "base.html",
        "root": "payments/in.juspay.escrow/"
      }
    },
    "in.juspay.godel": {
      "default": {
        "entry": "base.html",
        "root": "payments/in.juspay.godel/"
      }
    },
    "in.juspay.godel.placeholder": {
      "default": {
        "entry": "",
        "root": "payments/in.juspay.godel/"
      }
    },
    "in.juspay.hyperapi": {
      "default": {
        "entry": "base.html",
        "required_apps": [
          "in.juspay.ec"
        ],
        "root": "payments/in.juspay.hyperapi/"
      }
    },
    "in.juspay.hyperos": {
      "default": {
        "entry": "",
        "root": ""
      }
    },
    "in.juspay.hyperos.placeholder": {
      "default": {
        "entry": "",
        "root": ""
      }
    },
    "in.juspay.hyperpay": {
      "default": {
        "entry": "base.html",
        "required_apps": [
          "in.juspay.ec"
        ],
        "root": "payments/in.juspay.hyperpay/"
      }
    },
    "in.juspay.upiintent": {
      "default": {
        "entry": "base.html",
        "root": "payments/in.juspay.upiintent/"
      }
    }
  },
  "live": {
    "assets": {
      "in.juspay.ec": {
        "config": "https://assets.juspay.in/juspay/payments/in.juspay.ec/release/v1-config.zip"
      },
      "in.juspay.escrow": {
        "configuration": "https://assets.juspay.in/hyper/configs/hoichoi/in.juspay.hyperpay/1.2.3/v1-configuration.zip",
        "icons": "https://assets.juspay.in/hyper/configs/hoichoi/in.juspay.hyperpay/1.2.3/v1-icons.zip",
        "strings": "https://assets.juspay.in/hyper/configs/hoichoi/in.juspay.hyperpay/1.2.3/v1-strings.zip"
      },
      "in.juspay.godel": {
        "acs_js_source": "https://assets.juspay.in/hyper/bundles/acs/in.juspay.godel/1.3.5/v1-acs.zip",
        "boot_loader_js_source": "https://assets.juspay.in/hyper/bundles/release/in.juspay.godel/android/1.0rc2/common/1.0.1/v1-boot_loader.zip",
        "config": "https://assets.juspay.in/hyper/bundles/config/in.juspay.godel/1.5.0/v1-config.zip"
      },
      "in.juspay.godel.placeholder": {
        "acs_js_source": "https://assets.juspay.in/hyper/bundles/acs/in.juspay.godel/1.3.5/v1-acs.zip",
        "boot_loader_js_source": "https://assets.juspay.in/hyper/bundles/release/in.juspay.godel/android/1.0rc2/common/1.0.1/v1-boot_loader.zip",
        "config": "https://assets.juspay.in/hyper/bundles/config/in.juspay.godel/1.5.0/v1-config.zip"
      },
      "in.juspay.hyperos": {
        "config": "https://assets.juspay.in/juspay/payments/2.0/release/v1-config.zip",
        "manifest": "https://assets.juspay.in/hyper/bundles/in.juspay.merchants/hoichoi/android/release/manifest.json",
        "sdk_config": "https://assets.juspay.in/hyper/bundles/in.juspay.merchants/hoichoi/android/release/sdk_config.json",
        "unified_config": "https://assets.juspay.in/hyper/configs/in.juspay.merchants/hoichoi/android/release/unified_config.json"
      },
      "in.juspay.hyperos.placeholder": {
        "tracker": "https://assets.juspay.in/hyper/bundles/app/tracker/2.2.9/v1-tracker.zip"
      },
      "in.juspay.hyperpay": {
        "configuration": "https://assets.juspay.in/hyper/configs/hoichoi/in.juspay.hyperpay/1.2.3/v1-configuration.zip",
        "icons": "https://assets.juspay.in/hyper/configs/hoichoi/in.juspay.hyperpay/1.2.3/v1-icons.zip",
        "strings": "https://assets.juspay.in/hyper/configs/hoichoi/in.juspay.hyperpay/1.2.3/v1-strings.zip"
      },
      "in.juspay.upiintent": {
        "config": "https://assets.juspay.in/juspay/payments/in.juspay.upiintent/release/v1-config.zip"
      }
    },
    "id": "13358410120560667-patch-1.69.1-v2",
    "package": {
      "in.juspay.ec": "https://assets.juspay.in/hyper/bundles/app/in.juspay.ec/3.18.4/android/v1-index_bundle.zip",
      "in.juspay.escrow": "https://assets.juspay.in/hyper/bundles/app/in.juspay.escrow/3.5.1/android/v1-index_bundle.zip",
      "in.juspay.godel": "https://assets.juspay.in/hyper/bundles/app/in.juspay.godel/1.8.1/android/v1-index_bundle.zip",
      "in.juspay.godel.placeholder": "https://assets.juspay.in/hyper/bundles/app/in.juspay.godel/1.8.1/android/v1-index_bundle.zip",
      "in.juspay.hyperpay": "https://assets.juspay.in/hyper/bundles/app/in.juspay.hyperpay/4.24.3-release-20240422.3/android/v1-index_bundle.zip",
      "in.juspay.upiintent": "https://assets.juspay.in/hyper/bundles/app/in.juspay.upiintent/4.9.4/android/v1-index_bundle.zip"
    },
    "package_version": "3.4_android_rc3"
  },
  "meta": {
    "clientId": "hoichoi",
    "timeStamp": "Wednesday 19 June, 2024 at 01:15:42 PM IST"
  },
  "new": {
    "assets": {
      "in.juspay.ec": {
        "config": "https://assets.juspay.in/juspay/payments/in.juspay.ec/release/v1-config.zip"
      },
      "in.juspay.escrow": {
        "configuration": "https://assets.juspay.in/hyper/configs/hoichoi/in.juspay.hyperpay/1.2.3/v1-configuration.zip",
        "icons": "https://assets.juspay.in/hyper/configs/hoichoi/in.juspay.hyperpay/1.2.3/v1-icons.zip",
        "strings": "https://assets.juspay.in/hyper/configs/hoichoi/in.juspay.hyperpay/1.2.3/v1-strings.zip"
      },
      "in.juspay.godel": {
        "acs_js_source": "https://assets.juspay.in/hyper/bundles/acs/in.juspay.godel/1.3.5/v1-acs.zip",
        "boot_loader_js_source": "https://assets.juspay.in/hyper/bundles/release/in.juspay.godel/android/1.0rc2/common/1.0.1/v1-boot_loader.zip",
        "config": "https://assets.juspay.in/hyper/bundles/config/in.juspay.godel/1.5.0/v1-config.zip"
      },
      "in.juspay.godel.placeholder": {
        "acs_js_source": "https://assets.juspay.in/hyper/bundles/acs/in.juspay.godel/1.3.5/v1-acs.zip",
        "boot_loader_js_source": "https://assets.juspay.in/hyper/bundles/release/in.juspay.godel/android/1.0rc2/common/1.0.1/v1-boot_loader.zip",
        "config": "https://assets.juspay.in/hyper/bundles/config/in.juspay.godel/1.5.0/v1-config.zip"
      },
      "in.juspay.hyperos": {
        "config": "https://assets.juspay.in/juspay/payments/2.0/release/v1-config.zip",
        "manifest": "https://assets.juspay.in/hyper/bundles/in.juspay.merchants/hoichoi/android/release/manifest.json",
        "sdk_config": "https://assets.juspay.in/hyper/bundles/in.juspay.merchants/hoichoi/android/release/sdk_config.json",
        "unified_config": "https://assets.juspay.in/hyper/configs/in.juspay.merchants/hoichoi/android/release/unified_config.json"
      },
      "in.juspay.hyperos.placeholder": {
        "tracker": "https://assets.juspay.in/hyper/bundles/app/tracker/2.2.9/v1-tracker.zip"
      },
      "in.juspay.hyperpay": {
        "configuration": "https://assets.juspay.in/hyper/configs/hoichoi/in.juspay.hyperpay/1.2.3/v1-configuration.zip",
        "icons": "https://assets.juspay.in/hyper/configs/hoichoi/in.juspay.hyperpay/1.2.3/v1-icons.zip",
        "strings": "https://assets.juspay.in/hyper/configs/hoichoi/in.juspay.hyperpay/1.2.3/v1-strings.zip"
      },
      "in.juspay.upiintent": {
        "config": "https://assets.juspay.in/juspay/payments/in.juspay.upiintent/release/v1-config.zip"
      }
    },
    "id": "13358410120560667-patch-1.69.1-v2",
    "package": {
      "in.juspay.ec": "https://assets.juspay.in/hyper/bundles/app/in.juspay.ec/3.18.4/android/v1-index_bundle.zip",
      "in.juspay.escrow": "https://assets.juspay.in/hyper/bundles/app/in.juspay.escrow/3.5.1/android/v1-index_bundle.zip",
      "in.juspay.godel": "https://assets.juspay.in/hyper/bundles/app/in.juspay.godel/1.8.1/android/v1-index_bundle.zip",
      "in.juspay.godel.placeholder": "https://assets.juspay.in/hyper/bundles/app/in.juspay.godel/1.8.1/android/v1-index_bundle.zip",
      "in.juspay.hyperpay": "https://assets.juspay.in/hyper/bundles/app/in.juspay.hyperpay/4.24.3-release-20240422.3/android/v1-index_bundle.zip",
      "in.juspay.upiintent": "https://assets.juspay.in/hyper/bundles/app/in.juspay.upiintent/4.9.4/android/v1-index_bundle.zip"
    },
    "package_version": "3.4_android_rc3"
  },
  "patching": {
    "maxage": 604800
  },
  "stagger": 0,
  "variant_ids": []
}