<?xml version='1.0' encoding='utf-8' standalone='yes' ?>
<map>
    <int name="comms_mtd:8W6-4W8-8R5Z" value="0" />
    <string name="pfworkid">8W6-4W8-8R5Z</string>
    <int name="comms_first_ts:8W6-4W8-8R5Z" value="1766912839" />
    <string name="deviceId:8W6-4W8-8R5Z">__071ad83a90a14bb3b6069d6efc25ecaf</string>
    <int name="cachedGUIDsLengthKey:8W6-4W8-8R5Z" value="2" />
    <int name="encryptionMigrationFailureCount:8W6-4W8-8R5Z" value="0" />
    <string name="instance:8W6-4W8-8R5Z">{&quot;accountId&quot;:&quot;8W6-4W8-8R5Z&quot;,&quot;accountToken&quot;:&quot;b04-60b&quot;,&quot;analyticsOnly&quot;:false,&quot;isDefaultInstance&quot;:true,&quot;useGoogleAdId&quot;:false,&quot;disableAppLaunchedEvent&quot;:false,&quot;personalization&quot;:true,&quot;debugLevel&quot;:0,&quot;createdPostAppLaunch&quot;:true,&quot;sslPinning&quot;:false,&quot;backgroundSync&quot;:true,&quot;getEnableCustomCleverTapId&quot;:false,&quot;beta&quot;:false,&quot;encryptionLevel&quot;:0,&quot;encryptionInTransit&quot;:&quot;0&quot;,&quot;allowedPushTypes&quot;:[]}</string>
    <string name="ict_date:__071ad83a90a14bb3b6069d6efc25ecaf:8W6-4W8-8R5Z">08022026</string>
    <string name="comms_dmn_spiky:8W6-4W8-8R5Z">eu1-spiky.clevertap-prod.com</string>
    <int name="lastSessionId:8W6-4W8-8R5Z" value="1770562668" />
    <boolean name="ssInAppMigrated:8W6-4W8-8R5Z" value="true" />
    <string name="fcm_token:8W6-4W8-8R5Z">cesIsobATH-j1oVrqLFCFo:APA91bF4_R40s0CM3Y9EsAEvHng9xWMpo6TcM9PjwyRL7fh0NSa0mpQd_ffDNHgA5WhFYXN8bz3ViHg9OGF0aikReBcn9lrQb07MjXu6SDBabUH4o0CIBNM</string>
    <int name="istc_inapp:__071ad83a90a14bb3b6069d6efc25ecaf:8W6-4W8-8R5Z" value="0" />
    <string name="SP_KEY_PROFILE_IDENTITIES:8W6-4W8-8R5Z">Email,Identity</string>
    <boolean name="firstTimeRequest" value="false" />
    <int name="sexe:8W6-4W8-8R5Z" value="1770562673" />
    <string name="comms_dmn:8W6-4W8-8R5Z">eu1.clevertap-prod.com</string>
    <string name="cachedGUIDsKey:8W6-4W8-8R5Z">{&quot;Identity_39e4f734-49c1-4027-b8c1-e8155b1e3e4b&quot;:&quot;__071ad83a90a14bb3b6069d6efc25ecaf&quot;,&quot;email_+916395802758@hoichoitv.com&quot;:&quot;__071ad83a90a14bb3b6069d6efc25ecaf&quot;}</string>
    <int name="encryptionLevel:8W6-4W8-8R5Z" value="0" />
    <int name="imc:__071ad83a90a14bb3b6069d6efc25ecaf:8W6-4W8-8R5Z" value="1" />
    <int name="comms_last_ts:8W6-4W8-8R5Z" value="1766912945" />
    <int name="istmcd_inapp:__071ad83a90a14bb3b6069d6efc25ecaf:8W6-4W8-8R5Z" value="3" />
    <long name="last_assets_cleanup" value="1766912843830" />
</map>
