{"Fid":"cesIsobATH-j1oVrqLFCFo","Status":3,"AuthToken":"eyJhbGciOiJFUzI1NiIsInR5cCI6IkpXVCJ9.eyJhcHBJZCI6IjE6NTI1MTQ4MTcxMDM4OmFuZHJvaWQ6MTUxOGVkYzAyOTBhMjBkMSIsImV4cCI6MTc3MTE2NzQyMywiZmlkIjoiY2VzSXNvYkFUSC1qMW9WcnFMRkNGbyIsInByb2plY3ROdW1iZXIiOjUyNTE0ODE3MTAzOH0.AB2LPV8wQwIgIoPdrBuue6YKg805crt1PUyhbCz7bQbCNBzUM2bwMN8CH1sq8w0WyOMoVNjiVmZxAV3vqnd094-wAbA5uMGOfJs","RefreshToken":"3_AS3qfwJfI-7grImRowCiNuh0xV8bIMn4vhKhTNGJ68aJhxq3uhRqkdYdPJufA5_fIW5GKyVyEiBLCs3VTqJ06Qit5vFkG5bpXXeGBEcKphvUdg","TokenCreationEpochInSecs":1770562623,"ExpiresInSecs":604800}