{"Fid":"fRctd42tQVusH1QUhahHvJ","Status":3,"AuthToken":"eyJhbGciOiJFUzI1NiIsInR5cCI6IkpXVCJ9.eyJhcHBJZCI6IjE6NjM4MjQ1MTQ2Mjg6YW5kcm9pZDo0YjE3Mzk1NzcwNDc1MjU1IiwiZXhwIjoxNzcwOTc1OTU2LCJmaWQiOiJmUmN0ZDQydFFWdXNIMVFVaGFoSHZKIiwicHJvamVjdE51bWJlciI6NjM4MjQ1MTQ2Mjh9.AB2LPV8wRAIgArsBOrdORI8xpcPbKDqcgda0vfDVoDMwhFZpdX8sv0ACIE0MK716OIwvoWTnljdvQWnxBU8RNXKiYc7NLBgSsP-k","RefreshToken":"3_AS3qfwLq5Xadkc-29Rf3cBKa5kvZkMDgdXqtNwBkRDF6fR5634Vl37yY_JGKWF8GV17D9-2QPUW3iU4WUVnW0YBrHG_FPG7eGfCIVBe4jYbDTg","TokenCreationEpochInSecs":1770371156,"ExpiresInSecs":604800}