<?xml version='1.0' encoding='utf-8' standalone='yes' ?>
<map>
    <long name="first_open_time" value="1769361887325" />
    <string name="gmp_app_id">1:732565920259:android:f6e58ab0ed20c3cd</string>
    <string name="app_instance_id">ca18ae38740c781129af0b3dd3735673</string>
    <long name="session_id" value="1769361887" />
    <boolean name="app_backgrounded" value="true" />
    <long name="health_monitor:start" value="1769361887600" />
    <boolean name="use_service" value="true" />
    <boolean name="deferred_analytics_collection" value="false" />
    <string name="previous_os_version">15</string>
    <boolean name="has_been_opened" value="true" />
    <boolean name="allow_remote_dynamite" value="true" />
    <long name="last_pause_time" value="1769361942887" />
    <boolean name="start_new_session" value="false" />
</map>
