<?xml version='1.0' encoding='utf-8' standalone='yes' ?>
<map>
    <long name="com.facebook.appevents.SessionInfo.sessionStartTime" value="1769361891214" />
    <long name="com.facebook.appevents.SessionInfo.sessionEndTime" value="1769361942595" />
    <boolean name="bg_startup_tracing" value="false" />
    <int name="com.facebook.appevents.SessionInfo.interruptionCount" value="0" />
    <int name="com.Teamx.appcloner.classes.originalInstallVersionCode" value="20086" />
    <long name="com.Teamx.appcloner.classes.cloneTimestamp" value="1766045418882" />
    <string name="com.facebook.appevents.SessionInfo.sessionId">9bf7b06c-c923-4387-a0d0-523a5de851c9</string>
</map>
