<?xml version='1.0' encoding='utf-8' standalone='yes' ?>
<map>
    <string name="deviceId:48K-8WW-754Z">__6b2ea680a2364bfeb2c9af7f376bb358</string>
    <int name="lastSessionId:48K-8WW-754Z" value="1769361887" />
    <string name="fcm_token:48K-8WW-754Z">esvOVWRJSi69jJxdgZxKON:APA91bHDyoyFAVhjveUQdfjBkUQbyzB84j38QEuX2co6ZKAyekREml5VR93sXzrrp0uJmv9OMs4ae3vW4TFQsNX6kU3DHZ04XZkaMVoNe-JuaeXqQkGRgBU</string>
    <boolean name="NetworkInfo:48K-8WW-754Z" value="true" />
    <string name="comms_dmn:48K-8WW-754Z">eu1.clevertap-prod.com</string>
    <int name="comms_last_ts:48K-8WW-754Z" value="1769361939" />
    <int name="comms_first_ts:48K-8WW-754Z" value="1769361889" />
    <int name="sexe:48K-8WW-754Z" value="1769361942" />
    <int name="comms_mtd:48K-8WW-754Z" value="0" />
    <int name="pfjobid" value="238148191" />
    <boolean name="OptOut:__6b2ea680a2364bfeb2c9af7f376bb358:48K-8WW-754Z" value="false" />
    <string name="instance:48K-8WW-754Z">{&quot;accountId&quot;:&quot;48K-8WW-754Z&quot;,&quot;accountToken&quot;:&quot;00b-3b4&quot;,&quot;fcmSenderId&quot;:&quot;732565920259&quot;,&quot;analyticsOnly&quot;:false,&quot;isDefaultInstance&quot;:true,&quot;useGoogleAdId&quot;:false,&quot;disableAppLaunchedEvent&quot;:false,&quot;personalization&quot;:true,&quot;debugLevel&quot;:0,&quot;createdPostAppLaunch&quot;:false,&quot;sslPinning&quot;:false,&quot;backgroundSync&quot;:true,&quot;getEnableCustomCleverTapId&quot;:false,&quot;beta&quot;:false,&quot;allowedPushTypes&quot;:[&quot;FCM&quot;,&quot;XPS&quot;,&quot;HPS&quot;,&quot;BPS&quot;,&quot;ADM&quot;],&quot;encryptionLevel&quot;:0}</string>
    <int name="istc_inapp:__6b2ea680a2364bfeb2c9af7f376bb358:48K-8WW-754Z" value="0" />
    <string name="comms_dmn_spiky:48K-8WW-754Z">eu1-spiky.clevertap-prod.com</string>
    <string name="SP_KEY_PROFILE_IDENTITIES:48K-8WW-754Z">Email,Identity</string>
    <string name="cachedGUIDsKey:48K-8WW-754Z">{&quot;Email_&quot;:&quot;__6b2ea680a2364bfeb2c9af7f376bb358&quot;,&quot;Identity_2212200527188662002&quot;:&quot;__6b2ea680a2364bfeb2c9af7f376bb358&quot;,&quot;Email_rakibmunshi721@gmail.com&quot;:&quot;__6b2ea680a2364bfeb2c9af7f376bb358&quot;}</string>
    <string name="ict_date:__6b2ea680a2364bfeb2c9af7f376bb358:48K-8WW-754Z">25012026</string>
</map>
