{"Fid":"d_zoGkacZLxw_mPywEShyJ","Status":3,"AuthToken":"eyJhbGciOiJFUzI1NiIsInR5cCI6IkpXVCJ9.eyJhcHBJZCI6IjE6NzMyNTY1OTIwMjU5OmFuZHJvaWQ6ZjZlNThhYjBlZDIwYzNjZCIsImV4cCI6MTc2OTcwMjA0NywiZmlkIjoiZF96b0drYWNaTHh3X21QeXdFU2h5SiIsInByb2plY3ROdW1iZXIiOjczMjU2NTkyMDI1OX0.AB2LPV8wRQIhAIJQxieRx0OmFskFBjK4eZeCutHdaWTlp0oYwl36dH4NAiB6x7HRIONqo7I_q6BGipi9kZbnJWrPlAU88DPMdjhWfQ","RefreshToken":"3_AS3qfwKrr5cjCt59CVwf0LGs8iHYlftnuTzzyEM8zf2FjhLWTFYSPhz1R-yYKOtM8ZClKmb8gHwyMDYa2Yu0m-V7z714L3sXUN1_T_tuuU94-1c","TokenCreationEpochInSecs":1769097247,"ExpiresInSecs":604800}