<?xml version='1.0' encoding='utf-8' standalone='yes' ?>
<map>
    <string name="prev_event_name">sectionImpression</string>
    <long name="prev_event_timestamp" value="1770371169803" />
    <string name="CACHED_CHANNEL">playstore</string>
    <int name="appsFlyerInAppEventCount" value="131" />
    <long name="prev_session_dur" value="18" />
    <boolean name="ddl_sent" value="true" />
    <long name="af_rc_max_age" value="86400" />
    <string name="sentSuccessfully">true</string>
    <int name="versionCode" value="2147483647" />
    <string name="af_remote_config">eyJmZWF0dXJlcyI6e30sInZlciI6ImRlZmF1bHQudjEuMTYzNzE0OTUyOSJ9</string>
    <string name="savedProperties">{&quot;uid&quot;:&quot;1768905568357-9175094711090335754&quot;,&quot;waitForCustomerId&quot;:&quot;false&quot;,&quot;logLevel&quot;:&quot;0&quot;,&quot;AppUserId&quot;:&quot;318105927&quot;}</string>
    <string name="AF_INSTALLATION">1768905568357-9175094711090335754</string>
    <boolean name="afUninstallToken_queued" value="false" />
    <int name="appsFlyerCount" value="7" />
    <long name="af_rc_timestamp" value="1770371152247" />
    <long name="AppsFlyerTimePassedSincePrevLaunch" value="1770371153454" />
    <boolean name="newGPReferrerSent" value="true" />
    <string name="appsFlyerFirstInstall">2026-01-20_160928+0530</string>
    <string name="attributionId">{&quot;install_time&quot;:&quot;2026-01-20 10:39:40.768&quot;,&quot;af_message&quot;:&quot;organic install&quot;,&quot;af_status&quot;:&quot;Organic&quot;,&quot;is_first_launch&quot;:false}</string>
</map>
