<?xml version='1.0' encoding='utf-8' standalone='yes' ?>
<map>
    <boolean name="deep_link_retrieval_complete" value="true" />
    <long name="first_open_time" value="1768906207729" />
    <string name="gmp_app_id">1:63824514628:android:4b17395770475255</string>
    <string name="app_instance_id">9247d05ab4ccb3bdd7d7a6c7e130b6ad</string>
    <long name="deep_link_retrieval_attempts" value="1" />
    <boolean name="app_backgrounded" value="false" />
    <long name="session_id" value="1770371150" />
    <long name="health_monitor:start" value="1770371149684" />
    <boolean name="use_service" value="true" />
    <boolean name="deferred_analytics_collection" value="false" />
    <int name="consent_source" value="-10" />
    <string name="consent_settings">G111</string>
    <string name="previous_os_version">9</string>
    <boolean name="has_been_opened" value="true" />
    <string name="health_monitor:value">2WC97001:Table has extra columns. table, columns: -, -</string>
    <boolean name="allow_remote_dynamite" value="true" />
    <long name="last_pause_time" value="1770371154589" />
    <string name="dma_consent_settings">-10:1</string>
    <boolean name="start_new_session" value="false" />
    <long name="health_monitor:count" value="105" />
</map>
