<?xml version='1.0' encoding='utf-8' standalone='yes' ?>
<map>
    <set name="fire-cls/19.0.3 android-installer/com.android.packageinstaller fire-installations/18.0.0 android-min-sdk/24 fire-rc/22.0.0 fire-dl/22.1.0 fire-android/28 fire-abt/21.1.1 device-brand/samsung fire-cls-ndk/19.0.3 fire-core/21.0.0 react-native-firebase/20.3.0 device-name/SM-N976N fire-perf/21.0.1 fire-core-ktx/21.0.0 fire-analytics/22.0.2 device-model/gracelte kotlin/1.9.21 android-platform/ fire-fcm/24.0.0 fire-sessions/2.0.3 fire-transport/19.0.0 android-target-sdk/34">
        <string>2026-02-06</string>
    </set>
    <string name="last-used-date">2026-02-06</string>
    <long name="fire-count" value="1" />
    <long name="fire-global" value="1770371154985" />
</map>
