<?xml version='1.0' encoding='utf-8' standalone='yes' ?>
<map>
    <long name="sslHandshakeTime" value="4633922541587529728" />
    <string name="JSEngine">Hermes</string>
    <string name="lastInteraction">External/www.fancode.com</string>
    <long name="connectTime" value="4636315078889570304" />
    <string name="ReactNativeAgentVersion">1.5.5</string>
    <string name="JSBundleId">1.0.0</string>
    <long name="callTime" value="4646500954609287168" />
    <string name="React Native Version">0.72.7</string>
    <long name="dnsLookupTime" value="4640431650423963648" />
</map>
