<?xml version='1.0' encoding='utf-8' standalone='yes' ?>
<map>
    <int name="d_ts" value="1768906212" />
    <int name="dh" value="651801100" />
    <int name="hgt" value="4" />
    <string name="av">7.26.2</string>
    <int name="v" value="2" />
    <int name="wdt" value="2" />
    <string name="j_n">YmxqegsGBgdh</string>
    <string name="i_n">YmxqeAICAwZu</string>
    <int name="r_ts" value="1770371169" />
    <string name="id">W84-8RR-RR5Z</string>
    <string name="k_n">DHhhegoBAQFuaGVpCg==</string>
    <string name="j_s">{}</string>
</map>
