<?xml version='1.0' encoding='utf-8' standalone='yes' ?>
<map>
    <string name="cachedGUIDsKey:W84-8RR-RR5Z">{&quot;Identity_318105927&quot;:&quot;__a4654826087e42deacf91e8a7a4b04ab&quot;,&quot;Email_indmods01@gmail.com&quot;:&quot;__a4654826087e42deacf91e8a7a4b04ab&quot;}</string>
    <int name="sexe:W84-8RR-RR5Z" value="1770371170" />
    <string name="comms_dmn_spiky:W84-8RR-RR5Z">eu1-spiky.clevertap-prod.com</string>
    <int name="imc:__a4654826087e42deacf91e8a7a4b04ab:W84-8RR-RR5Z" value="1" />
    <int name="comms_last_ts:W84-8RR-RR5Z" value="1770371169" />
    <int name="istmcd_inapp:__a4654826087e42deacf91e8a7a4b04ab:W84-8RR-RR5Z" value="10" />
    <string name="ict_date:__a4654826087e42deacf91e8a7a4b04ab:W84-8RR-RR5Z">06022026</string>
    <string name="SP_KEY_PROFILE_IDENTITIES:W84-8RR-RR5Z">Email,Identity</string>
    <int name="comms_first_ts:W84-8RR-RR5Z" value="1768905571" />
    <int name="comms_mtd:W84-8RR-RR5Z" value="0" />
    <string name="fcm_token:W84-8RR-RR5Z">c0ml6hw6Rje87l950WALht:APA91bEAjxmIdoY1XqEXI0Fcqah_CTGWode5-mCF9HBK0nTDDhGdXst48Hvag0yrrOPeCC083z_jXQFIQDnhVQ9Gic-3bKQTNNnuf4DPu6J8QahvWe0CUpc</string>
    <string name="comms_dmn:W84-8RR-RR5Z">eu1.clevertap-prod.com</string>
    <int name="istc_inapp:__a4654826087e42deacf91e8a7a4b04ab:W84-8RR-RR5Z" value="0" />
    <int name="lastSessionId:W84-8RR-RR5Z" value="1770371150" />
    <boolean name="NetworkInfo:W84-8RR-RR5Z" value="true" />
    <string name="deviceId:W84-8RR-RR5Z">__a4654826087e42deacf91e8a7a4b04ab</string>
    <string name="instance:W84-8RR-RR5Z">{&quot;accountId&quot;:&quot;W84-8RR-RR5Z&quot;,&quot;accountToken&quot;:&quot;22b-4b0&quot;,&quot;analyticsOnly&quot;:false,&quot;isDefaultInstance&quot;:true,&quot;useGoogleAdId&quot;:false,&quot;disableAppLaunchedEvent&quot;:false,&quot;personalization&quot;:true,&quot;debugLevel&quot;:0,&quot;createdPostAppLaunch&quot;:false,&quot;sslPinning&quot;:false,&quot;backgroundSync&quot;:false,&quot;getEnableCustomCleverTapId&quot;:false,&quot;beta&quot;:false,&quot;encryptionLevel&quot;:0}</string>
    <long name="last_assets_cleanup" value="1770371152657" />
</map>
