<?xml version='1.0' encoding='utf-8' standalone='yes' ?>
<map>
    <string name="deviceId:48K-8WW-754Z">__d6e835a8acac402ea6b1a2c38111bc1d</string>
    <int name="lastSessionId:48K-8WW-754Z" value="1770396972" />
    <string name="fcm_token:48K-8WW-754Z">frudX_AWSyeU-hdtNtW-CW:APA91bHnFv1-uyIiKMuvDknEAImh7dCXcCqTXEVJgXp_fvuTaYQNSK42fL-K89hedLB89yH_DIVCUsmFKs3qfybajzjxuJwZFPTTT5T_Vsza0qNANnv6V-8</string>
    <boolean name="NetworkInfo:48K-8WW-754Z" value="true" />
    <string name="comms_dmn:48K-8WW-754Z">eu1.clevertap-prod.com</string>
    <int name="comms_last_ts:48K-8WW-754Z" value="1770397007" />
    <int name="comms_first_ts:48K-8WW-754Z" value="1770396974" />
    <int name="local_in_app_count" value="1" />
    <int name="istc_inapp:__d6e835a8acac402ea6b1a2c38111bc1d:48K-8WW-754Z" value="0" />
    <int name="sexe:48K-8WW-754Z" value="1770397009" />
    <string name="ict_date:__d6e835a8acac402ea6b1a2c38111bc1d:48K-8WW-754Z">06022026</string>
    <int name="comms_mtd:48K-8WW-754Z" value="0" />
    <boolean name="OptOut:__d6e835a8acac402ea6b1a2c38111bc1d:48K-8WW-754Z" value="false" />
    <int name="pfjobid" value="238148191" />
    <string name="instance:48K-8WW-754Z">{&quot;accountId&quot;:&quot;48K-8WW-754Z&quot;,&quot;accountToken&quot;:&quot;00b-3b4&quot;,&quot;fcmSenderId&quot;:&quot;732565920259&quot;,&quot;analyticsOnly&quot;:false,&quot;isDefaultInstance&quot;:true,&quot;useGoogleAdId&quot;:false,&quot;disableAppLaunchedEvent&quot;:false,&quot;personalization&quot;:true,&quot;debugLevel&quot;:0,&quot;createdPostAppLaunch&quot;:false,&quot;sslPinning&quot;:false,&quot;backgroundSync&quot;:true,&quot;getEnableCustomCleverTapId&quot;:false,&quot;beta&quot;:false,&quot;allowedPushTypes&quot;:[&quot;FCM&quot;,&quot;XPS&quot;,&quot;HPS&quot;,&quot;BPS&quot;,&quot;ADM&quot;],&quot;encryptionLevel&quot;:0}</string>
    <string name="comms_dmn_spiky:48K-8WW-754Z">eu1-spiky.clevertap-prod.com</string>
    <string name="SP_KEY_PROFILE_IDENTITIES:48K-8WW-754Z">Email,Identity</string>
    <string name="cachedGUIDsKey:48K-8WW-754Z">{&quot;Email_&quot;:&quot;__d6e835a8acac402ea6b1a2c38111bc1d&quot;,&quot;Identity_2212200527188662002&quot;:&quot;__d6e835a8acac402ea6b1a2c38111bc1d&quot;,&quot;Email_rakibmunshi721@gmail.com&quot;:&quot;__d6e835a8acac402ea6b1a2c38111bc1d&quot;}</string>
</map>
