<?xml version='1.0' encoding='utf-8' standalone='yes' ?>
<map>
    <string name="page_visit:48K-8WW-754Z">14|1770396972|1770397006</string>
    <string name="Notification Clicked:48K-8WW-754Z">1|1770397005|1770397005</string>
    <string name="App Launched:48K-8WW-754Z">1|1770396972|1770396972</string>
    <string name="user_age_gender_submit:48K-8WW-754Z">2|1770396983|1770396984</string>
    <string name="Notification Viewed:48K-8WW-754Z">1|1770397003|1770397003</string>
    <string name="disable_push_notification:48K-8WW-754Z">1|1770397002|1770397002</string>
</map>
