{
  "godel": {
    "v1-config.zip": {
      "hash": "d075d86a254dcd9ca1f198d771145015"
    }
  },
  "hyper": {
    "bundles": {
      "acs": {
        "in.juspay.godel": {
          "1.3.1": {
            "v1-acs.zip": {
              "hash": "b562e4fcc1a9f783f78cce04547c0e0d"
            }
          },
          "1.3.5": {
            "v1-acs.zip": {
              "hash": "dfba1bb71eaad58a2564db7d8545e882"
            }
          }
        }
      },
      "app": {
        "in.juspay.dotp": {
          "4.5.28": {
            "android": {
              "v1-index_bundle.zip": {
                "hash": "b97ddd166f6a1f2aa4ef4a94289ea607"
              }
            }
          }
        },
        "in.juspay.ec": {
          "3.18.4": {
            "android": {
              "v1-index_bundle.zip": {
                "hash": "fc767a8d3f8bdf9188579f3f22352631"
              }
            }
          },
          "3.28.0": {
            "android": {
              "v1-index_bundle.zip": {
                "hash": "35dee5a0d71eeb44d29b46287b5b879b"
              }
            }
          }
        },
        "in.juspay.escrow": {
          "3.5.1": {
            "android": {
              "v1-index_bundle.zip": {
                "hash": "d983abe8a482604595776bf35b6be09e"
              }
            }
          }
        },
        "in.juspay.flyer": {
          "2.5.2": {
            "android": {
              "v1-index_bundle.zip": {
                "hash": "f839bc6db955a6f8e23935445de08265"
              }
            }
          }
        },
        "in.juspay.godel": {
          "1.1.1": {
            "android": {
              "v1-index_bundle.zip": {
                "hash": "2ca7a415a33ec26826dacf7d6e55b0a5"
              }
            }
          },
          "1.8.1": {
            "android": {
              "v1-index_bundle.zip": {
                "hash": "49097bca5ee9b0604848bc17227b574f"
              }
            }
          },
          "1.9.0": {
            "android": {
              "v1-index_bundle.zip": {
                "hash": "b78e707e1ce1bd3f4ebba034b1ae2316"
              }
            }
          }
        },
        "in.juspay.hyperpay": {
          "4.24.3-release-20240422.3": {
            "android": {
              "v1-index_bundle.zip": {
                "hash": "f96c7afc33db31bc92483dc114fb95e7"
              }
            }
          }
        },
        "in.juspay.hyperupi": {
          "2.2.306": {
            "android": {
              "v1-index_bundle.zip": {
                "hash": "f9a87dbe2ca3011adbafdd6f46b628ff"
              }
            }
          }
        },
        "in.juspay.inappupi": {
          "2.0.227": {
            "android": {
              "v1-index_bundle.zip": {
                "hash": "6d112724ded2b0be963e6e1d0888df9a"
              }
            }
          }
        },
        "in.juspay.upiintent": {
          "4.9.4": {
            "android": {
              "v1-index_bundle.zip": {
                "hash": "a3805c73d9fed509899272a85d2ff2df"
              }
            }
          }
        },
        "tracker": {
          "2.0.38": {
            "v1-tracker.zip": {
              "hash": "8561a95ed6dc6f59d385a5d502a01453"
            }
          },
          "2.2.9": {
            "v1-tracker.zip": {
              "hash": "c4223532dfd5df4b83cdf7946ded3503"
            }
          }
        }
      },
      "config": {
        "in.juspay.godel": {
          "1.4.5": {
            "v1-config.zip": {
              "hash": "148f6906bec2c7d45e84e895dff83dd0"
            }
          },
          "1.5.0": {
            "v1-config.zip": {
              "hash": "fb8f2a0d9c4a9ea40a5f172a6a29a682"
            }
          }
        }
      },
      "in.juspay.merchants": {
        "bbdaily": {
          "ios": {
            "release": {
              "config.json": {
                "hash": "3hkj23h5k23jh52kj3h"
              }
            }
          }
        },
        "hoichoi": {
          "android": {
            "release": {
              "sdk_config.json": {
                "hash": "75fef58c3ef8341fbef1ea7fd4e73deb"
              }
            }
          }
        }
      },
      "release": {
        "in.juspay.godel": {
          "android": {
            "1.0rc2": {
              "common": {
                "1.0.1": {
                  "v1-boot_loader.zip": {
                    "hash": "3b52f2f0d550507208f50689c5dff01f"
                  }
                },
                "stable": {
                  "v1-boot_loader.zip": {
                    "hash": "1a675fbf2067227d1857566bc3b4ebf6"
                  }
                }
              }
            }
          }
        }
      }
    },
    "configs": {
      "hoichoi": {
        "in.juspay.hyperpay": {
          "1.2.3": {
            "v1-configuration.zip": {
              "hash": "4d4ce555870c11daadb723d3bae3ccf8"
            },
            "v1-icons.zip": {
              "hash": "4c05031ac92f76e40c35038ec526203c"
            },
            "v1-strings.zip": {
              "hash": "87b1d9dd0b3dcd0ed1ca9d37155ef152"
            }
          }
        }
      }
    }
  },
  "juspay": {
    "payments": {
      "in.juspay.ec": {
        "release": {
          "v1-config.zip": {
            "hash": "01ec08875f5d676ef172339e7d3f9b8f"
          }
        }
      },
      "in.juspay.godel": {
        "release": {
          "1.0rc2": {
            "v1-acs.zip": {
              "hash": "0e6e2249b7adef09c1ffc8e673f312ae"
            }
          }
        }
      },
      "in.juspay.upiintent": {
        "release": {
          "v1-config.zip": {
            "hash": "f67f6696dc05617814c509afb42a4a43"
          }
        }
      }
    }
  }
}