{"configs_key":{"ABD_OnAir_watch_free_preview":"ALL","ABF_GDFO_TESTING":"ALL","ABN_sponsoredbinge_disable":"ALL","ABN_sponsoredbinge_disable_SVOD":"ALL","ABS_blendedsearch":"ALL","AB_AVOD_Homepage_Testing":"ALL","AB_Demo_Audience":"","AB_Demo_Firebase":"","AB_DetailPage_Disable":"ALL","AB_ForceUpdate_Enable_OptionalUpdate_Disable":"ALL","AB_FreePreview_Disable":"ALL","AB_Free_Preview_Binge":"ALL","AB_GDFO_TESTING":"ALL","AB_IndVsEng_2ndODI":"ALL","AB_KHC_v_38_40":"ALL","AB_Lock_Feature":"All","AB_LoginBeforeAgeGender":"ALL","AB_LoginVideoWatch_Enable":"ALL","AB_MPC_Testing":"ALL","AB_Onboarding_Feature":"ALL","AB_PNoptin_Baseline":"ALL","AB_PNoptin_Variant_A":"ALL","AB_PNoptin_Variant_B":"ALL","AB_PNoptin_Variant_C":"ALL","AB_PNoptin_Variant_D":"ALL","AB_RecoMLTold1":"ALL","AB_RecoMLTvariant1":"ALL","AB_RecoMLTvariant2":"ALL","AB_Sample_Audience_check":"All","AB_SharkTank_S1":"ALL","AB_SkipLogin_Disable":"ALL","AB_SmartHook_Disable":"ALL","AB_Speed_Feature":"ALL","AB_Sports_content_viewers":"ALL","AB_Spotlight_Test":"ALL","AB_Spotlight_Testing":"ALL","AB_SriCollaborativeAlgo":"ALL","AB_TLM_Enable":"ALL","AB_Upcoming_Section":"All","AB_UpfrontAudio_Disable":"ALL","AB_UserLanguageIntervention_Enable":"ALL","AB_blendedsearch":"","AB_continue_to_binge_free_preview":"ALL","AB_mylisttray":"ALL","AB_recoloadtest":"ALL","AB_recophase1":"ALL","AB_searchautosuggestion":"ALL","AB_searchrevamp":"ALL","AB_speedcontrol":"ALL","AB_speedcontrol_2":"ALL","AB_test_adcounter":"","AB_upcoming_ad":"","MPC_testing":"ALL","New_MPC_Testing":"ALL","New_users_UP_Not_any_point":"ALL","SEG_AB_Morelikethis1":"ALL","SEG_AB_Morelikethis2":"ALL","SEG_AB_ProfileBasedPN_Enable":"ALL","SEG_AO_VV_OVER_1":"ALL","SEG_ATV_mylisttray":"ALL","SEG_AVOD_users":"ALL","SEG_Action_Watchers":"ALL","SEG_Active_Balanced_SVOD":"ALL","SEG_Australian_Open_Base_android":"ALL","SEG_COMEDY_USERS":"ALL","SEG_CPID_mena_android":"ALL","SEG_CWG_Cohort":"ALL","SEG_CWG_SpotlightTest":"ALL","SEG_DRAMA_USERS":"ALL","SEG_DevotedSportsFans":"ALL","SEG_EPISODE_VIEW_OVER3":"ALL","SEG_EPISODE_VIEW_OVER3_ONLYMH":"ALL","SEG_English_VV_Over_2":"ALL","SEG_FANTASY_USERS":"ALL","SEG_FEMALE_MCI_TARGET":"ALL","SEG_FOOTBALL_USERS":"ALL","SEG_GEC_Image_Experiment":"ALL","SEG_HollywoodEnthusiasts":"ALL","SEG_Hotpicks":"ALL","SEG_IGT_VV_OVER_1":"ALL","SEG_IMDBImageTest":"ALL","SEG_INDvsSL_ODI2024_APTS_test":"ALL","SEG_INDvsSL_ODI2024_HSM1_test":"ALL","SEG_INDvsSL_ODI2024_HSM2_test":"ALL","SEG_INDvsSL_ODI2024_HSM2_v2_test":"ALL","SEG_INDvsSL_ODI2024_HSM3_test":"ALL","SEG_INDvsSL_ODI2024_KA_test":"ALL","SEG_INDvsSL_ODI2024_KL_test":"ALL","SEG_INDvsSL_ODI2024_TN_test":"ALL","SEG_INDvsSL_ODI2024_TN_v2_test":"ALL","SEG_ISPL_Watchers":"ALL","SEG_Idol_Viewers":"ALL","SEG_Image_Experiment":"ALL","SEG_KBC_Junior_AgeBased":"ALL","SEG_KBC_KHC_USERS":"ALL","SEG_KBC_Last_Season":"ALL","SEG_KBC_PLAY_ALONG":"ALL","SEG_KBC_PlayAlong":"ALL","SEG_MALAYALAM_THUMBNAIL_WITHOUT_TEXT":"ALL","SEG_MARATHI_USERS_OVER2_VIEWS":"ALL","SEG_MARATHI_VIEWERS":"ALL","SEG_MARATHI_VIEW_OVER20":"ALL","SEG_MARATHI_VV_OVER_2":"ALL","SEG_MCI_Users":"ALL","SEG_MobileGECSVOD":"ALL","SEG_Mythology_Viewers":"ALL","SEG_New_Users":"ALL","SEG_New_users_first_open":"ALL","SEG_Nijam_With_Smita":"ALL","SEG_NonStreamingSVOD":"ALL","SEG_Originalists":"ALL","SEG_OtherSVOD":"ALL","SEG_PremiumTVAudience":"ALL","SEG_QOTY_Age":"ALL","SEG_QOTY_MPC":"ALL","SEG_RegionalMovieLovers":"ALL","SEG_Regional_Offer":"All","SEG_Romantic_Watchers":"ALL","SEG_SHARK_TANK_VV_MORE_THAN_4":"ALL","SEG_SPORTS_SUBTYPE":"ALL","SEG_SPORTS_USERS":"ALL","SEG_STI_DEC_WATCHERS":"ALL","SEG_SVOD_users":"ALL","SEG_Sports_Viewers":"ALL","SEG_Spotlight_testing":"ALL","SEG_TAMIL_THUMBNAIL_WITHOUT_TEXT":"ALL","SEG_TAMIL_USERS_NOTIN_TN":"ALL","SEG_TAMIL_USERS_OVER2_VIEWS":"ALL","SEG_TAMIL_VIEW_OVER20":"ALL","SEG_TELUGU_THUMBNAIL_WITHOUT_TEXT":"ALL","SEG_TELUGU_USERS_NOTIN_APTS":"ALL","SEG_TELUGU_VIEW_OVER20":"ALL","SEG_Tanaav_1Visit":"ALL","SEG_Tanaav_1_Visit":"ALL","SEG_Tanaav_2_Visit":"ALL","SEG_Tanaav_3_Visit":"ALL","SEG_Tanaav_4_visit":"ALL","SEG_Tanaav_Promo":"ALL","SEG_TrendingTray":"ALL","SEG_UFC_Base":"ALL","SEG_WOF_base_android":"ALL","SEG_WhistleblowerImage1":"ALL","SEG_click_based_experiment":"ALL","SEG_comedy_shorts_enable":"ALL","SEG_livenowtray":"ALL","SEG_shorts_enable":"ALL","ab_test_iris":"ab_test_iris","apple_devices_list":"{}","atv_is_atmos_enabled":"true","config_404_10143_additional_handling":"false","config_abr_settings":"{\"config_abr_buffer_fraction_to_live_edge_to_increase\":0.75,\"config_abr_min_buffer_to_increase_in_seconds\":10,\"config_abr_max_buffer_to_decrease_in_seconds\":25}","config_advance_caching":"{\"config_is_advance_caching_enabled\":true,\"config_drm_content_advance_caching_level\":4,\"config_non_drm_content_advance_caching_level\":2,\"config_continue_watch_uniqueness_difference_in_seconds\":30,\"config_continue_watch_offset_in_seconds\":4,\"config_advance_cache_percentage_allowed\":100,\"config_advance_caching_number_of_iterarion_allowed\":10,\"config_advance_caching_number_of_seconds_allowed\":12,\"config_advance_caching_maximum_cache_size_allowed_in_mb\":300,\"config_advance_caching_tray_specific_allowed_count\":{\"continue_watching_band\":0},\"config_advance_caching_details_content_prefetch\":true,\"config_advance_caching_not_allowed_version_names\":\"6.16.20\",\"config_advance_caching_auto_max_video_bitrate\":4000000,\"config_advance_caching_auto_max_video_bitrate_fraction_multiplier\":1,\"config_advance_caching_auto_min_video_bitrate_calculation_fraction\":0.4,\"config_advance_caching_allowed_user_types\":\"SUBSCRIBED,REGISTERED\",\"config_advance_caching_of_next_content_allowed\":true,\"config_advance_caching_levels_based_user_type\":{\"SUBSCRIBED\":{\"drm\":4,\"non_drm\":2},\"REGISTERED\":{\"drm\":4,\"non_drm\":2},\"ANONYMOUS\":{\"drm\":4,\"non_drm\":2}}}","config_akamai_botman_enabled":"true","config_analytics_logEventQueue":"true","config_api_response_delay_threshold_for_log_capture_sec":"5","config_app_launch_time_notification_primer_enabled":"true","config_app_launch_timeout":"{   \"splash_timeout_in_sec\": 7,   \"firebase_timeout_in_sec\": 5,   \"force_launch_timeout_in_sec\":5 }","config_app_speed_events_enabled":"true","config_app_upgrade_enable":"true","config_apple_devices_list":"{\"AppleTV1,1\":{\"name\":\"Apple TV (1st Generation)\",\"cpu\":\"Intel Pentium M (Crofton)\",\"speed\":\"1.0 GHz\",\"year\":2007,\"ram\":\"256 MB DDR2\"},\"AppleTV2,1\":{\"name\":\"Apple TV (2nd Generation)\",\"cpu\":\"Apple A4 (ARM Cortex-A8)\",\"speed\":\"1.0 GHz\",\"year\":2010,\"ram\":\"256 MB\"},\"AppleTV3,1\":{\"name\":\"Apple TV (3rd Generation)\",\"cpu\":\"Apple A5 (ARM Cortex-A9, single-core)\",\"speed\":\"1.0 GHz\",\"year\":2012,\"ram\":\"512 MB\"},\"AppleTV3,2\":{\"name\":\"Apple TV (3rd Generation, Rev A)\",\"cpu\":\"Apple A5 single-core (ARM Cortex-A9)\",\"speed\":\"1.0 GHz\",\"year\":2013,\"ram\":\"512 MB\"},\"AppleTV5,3\":{\"name\":\"Apple TV HD (4th Generation)\",\"cpu\":\"Apple A8 (dual-core)\",\"speed\":\"1.4 GHz\",\"year\":2015,\"ram\":\"2 GB\"},\"AppleTV6,2\":{\"name\":\"Apple TV 4K (1st Generation)\",\"cpu\":\"Apple A10X Fusion (hexa-core)\",\"speed\":\"2.39 GHz\",\"year\":2017,\"ram\":\"3 GB\"},\"AppleTV11,1\":{\"name\":\"Apple TV 4K (2nd Generation)\",\"cpu\":\"Apple A12 Bionic (hexa-core)\",\"speed\":\"2.49 GHz\",\"year\":2021,\"ram\":\"3 GB\"},\"AppleTV14,1\":{\"name\":\"Apple TV 4K (3rd Generation)\",\"cpu\":\"Apple A15 Bionic (hexa-core)\",\"speed\":\"2.9 GHz\",\"year\":2022,\"ram\":\"4 GB\"}}","config_avif_enabled":"false","config_bola_enabled":"false","config_bola_settings":"{   \"enabled\": true,   \"enable_bola_for_content_type\": [     \"live\",     \"vod\"   ],   \"bola_stable_buffer_for_steady_state\": 12000,   \"bola_threshold_for_safe_up_switch\": 8000,   \"bola_threshold_for_safe_down_switch\": 4000 }","config_cache_validation_upto_tv":"240","config_clevertap_permission_retry_interval_in_days":"15","config_cw_inBuiltPlaybackEnabled":"true","config_cw_light_mode":"true","config_dai_logging":"true","config_decoder_init_sleep":"100","config_delay_between_release_reinit_player":"1000","config_disableDaiPlayback":"true","config_downloads_revamp":"{\"config_mark_old_erroneous_downloads_expired\":true,\"config_mark_new_erroneous_downloads_expired\":true,\"config_show_toast\":true,\"config_toast_message\":\"Oops! there seems to be some problem. Please download it again.\"}","config_enable_gv2_logs":"false","config_enable_seek_closest_sync_for_live":"false","config_enable_single_player_instance_usage":"false","config_forceRefresh_LandingScreen_time":"10800","config_force_app_refresh":"{\"force_home_refresh_and_cache_clear_ts\":1695663429,\"force_only_cache_clear_ts\":1690478591,\"force_only_home_refresh_ts\":1695747769,\"force_advanced_cache_clear_ts\":1750501748}","config_force_async_codec_queuing":"false","config_google_store_payment_waittime_in_ms":"3000","config_hash_generation_client":"true","config_ima_client_logging":"true","config_inBuiltPlaybackFeatureEnabled":"true","config_is_web_vtt_subtitle_parser_enabled":"true","config_key_moment_start_time_check":"false","config_launchSplashEvent_enable_switch":"false","config_lg2_exception_retry_wait_time":"30","config_load_control":"{\"enabled\":false}","config_log_video_url_response_on_failure":"false","config_mediasession_start_foreground":"true","config_multi_domain_regex":"(?:\/(?:[A-Za-z0-9_-]*\\d[A-Za-z0-9_-]*))+\/?$","config_network_config":"{\"timeout_in_sec\":10,\"cache_size_in_mb\":150,\"connection_keep_alive_time_in_mins\":5,\"player_connection_keep_alive_time_in_mins\":5}","config_optimise_keymoments_call":"{\"isEnabled\":true,\"apiCallInAdvanceBySecs\":600}","config_parse_subtitle_cuesettings":"true","config_player_monitoring":"{   \"enable_player_monitoring\": true,   \"monitoring_interval_ms\": 1000,   \"monitoring_threshold_ms\": 10000,   \"fallback_and_retry\": false }","config_player_release_timeout_ms":"750","config_player_retry_error_androidmobile":"{\"is_feature_enabled\":true,\"is_exponential_retry_enabled\":false,\"default_retry_limit\":1,\"player_error_config\":[{\"error_code\":\"dai_error\",\"can_retry\":false,\"retry_limit\":0},{\"error_code\":\"unk_host_exp\",\"can_retry\":true,\"retry_limit\":1},{\"error_code\":\"ex3\",\"can_retry\":true,\"retry_limit\":3},{\"error_code\":\"download_error\",\"can_retry\":true,\"retry_limit\":0},{\"error_code\":\"decoderinitissue\",\"can_retry\":true,\"retry_limit\":0},{\"error_code\":\"MediaCodec-decoder-fail\",\"can_retry\":true,\"retry_limit\":0},{\"error_code\":\"AudioSinkInitFailed\",\"can_retry\":true,\"retry_limit\":0},{\"error_code\":\"decoder_issue\",\"can_retry\":true,\"retry_limit\":0},{\"error_code\":\"audio_no_support\",\"can_retry\":true,\"retry_limit\":0},{\"error_code\":\"acn_2435\",\"can_retry\":true,\"retry_limit\":1}]}","config_player_retry_error_tvos":"{\"is_feature_enabled\":true,\"ebvs_threshold_time\":9,\"playback_failedToPlayToEndTime_threshold_time\":10,\"player_error_config\":[{\"error_code\":403,\"can_retry\":true,\"retry_count\":2,\"is_url_refresh\":true},{\"error_code\":-12660,\"can_retry\":true,\"retry_count\":2,\"is_url_refresh\":true},{\"error_code\":-12666,\"can_retry\":true,\"retry_count\":2,\"is_url_refresh\":false},{\"error_code\":-1102,\"can_retry\":true,\"retry_count\":2,\"is_url_refresh\":true},{\"error_code\":-12938,\"can_retry\":true,\"retry_count\":2,\"is_url_refresh\":false},{\"error_code\":-16840,\"can_retry\":true,\"retry_count\":2,\"is_url_refresh\":false},{\"error_code\":-12937,\"can_retry\":true,\"retry_count\":2,\"is_url_refresh\":false},{\"error_code\":-12661,\"can_retry\":true,\"retry_count\":2,\"is_url_refresh\":false},{\"error_code\":-1200,\"can_retry\":true,\"retry_count\":2,\"is_url_refresh\":true},{\"error_code\":-12889,\"can_retry\":true,\"retry_count\":2,\"is_url_refresh\":false},{\"error_code\":-1008,\"can_retry\":true,\"retry_count\":2,\"is_url_refresh\":true},{\"error_code\":-12312,\"can_retry\":true,\"retry_count\":2,\"is_url_refresh\":false},{\"error_code\":-1001,\"can_retry\":true,\"retry_count\":2,\"is_url_refresh\":false},{\"error_code\":-1017,\"can_retry\":true,\"retry_count\":2,\"is_url_refresh\":false},{\"error_code\":-1005,\"can_retry\":true,\"retry_count\":2,\"is_url_refresh\":false},{\"error_code\":-12923,\"can_retry\":true,\"retry_count\":2,\"is_url_refresh\":false},{\"error_code\":2701,\"can_retry\":true,\"retry_count\":2,\"is_url_refresh\":true},{\"error_code\":-12642,\"can_retry\":true,\"retry_count\":1,\"is_url_refresh\":true}]}","config_player_subs_validateVttSignature":"true","config_prioritize_time_over_size":"true","config_quality_enable_switch":"true","config_recover_live_with_seek_to_live":"true","config_release_player_for_jio_on_player_reinit":"true","config_retry_fallback_error_codes":"[-17223,-18686,-11868, -12927, -11848]","config_segment_delay_threshold_for_log_capture_sec":"5","config_single_okhttp_client":"false","config_skip_ga_event_queuing":"true","config_spotlight_circular":"false","config_surface_workaround_devices":"[\"sdk_google_atv64_arm64\"]","config_target_rebuffer_starting_buffer_bytes":"320","config_target_starting_buffer_bytes":"192","config_topshelf_carousel":"{\"isEnabled\":false,\"isFromPremiumMenu\":true,\"premiumTrays\":[\"New\"],\"homeTrays\":[\"Popular Originals\"],\"canPlayTrailer\":false,\"maxItems\":20,\"shuffleData\":true}","config_topshelf_cw":"true","config_topshelf_isEnabled":"true","config_topshelf_liveTitles":"[\"live, sports\"]","config_topshelf_livecontents":"true","config_topshelf_minAppVersion":"3.25.0","config_topshelf_sectionedTrays":"[\"Popular Originals, Latest Episode, Popular International Shows\"]","config_updateConstraintFirstOnHide":"true","config_upload_dumpstate_logs":"true","config_use_fallback_retry_profile":"true","config_uxcam_enabled":"true","config_video_retry":"{   \"config_retry_count\": 3,   \"config_update_http_client_on_retry\": true }","seg_khc_targeting":"ALL","seg_sports_eventlabel":"ALL","sharktank_sample_seg":"Value 1 ","slow_api_threshold":"5000"},"fetch_time_key":1769361888877,"abt_experiments_key":[],"personalization_metadata_key":{},"template_version_number_key":571}