{"Fid":"dpmqSdejmQiM86CiHGfUiE","Status":3,"AuthToken":"eyJhbGciOiJFUzI1NiIsInR5cCI6IkpXVCJ9.eyJhcHBJZCI6IjE6NzMyNTY1OTIwMjU5OmFuZHJvaWQ6ZjZlNThhYjBlZDIwYzNjZCIsImV4cCI6MTc2OTk2NjY4OSwiZmlkIjoiZHBtcVNkZWptUWlNODZDaUhHZlVpRSIsInByb2plY3ROdW1iZXIiOjczMjU2NTkyMDI1OX0.AB2LPV8wRgIhAM1rYaZQOKi9wpiLA8wAFMVUmQg9YcSYuEpN2rPeTPXbAiEAmEcScmSSJS1TUYCQ5PWlP5RbxZDJLc-Y9_NLBC9sMCw","RefreshToken":"3_AS3qfwJO6KELYzyzK21LVl58u392SLTH2zS4X2OMm1lLnENj4_B1n9DQbS_yrRf7xEUw8p5PDX7_unHWMW9alYarHzzVxHkj64pakVNnH_tDqQQ","TokenCreationEpochInSecs":1769361889,"ExpiresInSecs":604800}