<?xml version='1.0' encoding='utf-8' standalone='yes' ?>
<map>
    <string name="preInstallName">vivootapreload_int</string>
    <long name="prev_session_dur" value="33" />
    <long name="af_rc_max_age" value="86400" />
    <boolean name="ddl_sent" value="true" />
    <string name="sentSuccessfully">true</string>
    <string name="af_remote_config">eyJmZWF0dXJlcyI6e30sInZlciI6ImRlZmF1bHQudjEuMTYzNzE0OTUyOSJ9</string>
    <int name="versionCode" value="20086" />
    <string name="savedProperties">{&quot;uid&quot;:&quot;1769097248634-4808982232273024416&quot;,&quot;preInstallName&quot;:&quot;vivootapreload_int&quot;,&quot;logLevel&quot;:&quot;0&quot;,&quot;advertiserId&quot;:&quot;a71e7e82-082d-442b-9653-a311d27daa40&quot;,&quot;advertiserIdEnabled&quot;:&quot;true&quot;}</string>
    <string name="AF_INSTALLATION">1769097248634-4808982232273024416</string>
    <boolean name="afUninstallToken_queued" value="false" />
    <int name="appsFlyerCount" value="2" />
    <long name="af_rc_timestamp" value="1769097245877" />
    <long name="AppsFlyerTimePassedSincePrevLaunch" value="1769097505213" />
    <boolean name="newGPReferrerSent" value="true" />
    <string name="appsFlyerFirstInstall">2026-01-22_155408+0000</string>
    <string name="attributionId">{&quot;install_time&quot;:&quot;2026-01-22 15:54:09.808&quot;,&quot;af_message&quot;:&quot;organic install&quot;,&quot;af_status&quot;:&quot;Organic&quot;,&quot;is_first_launch&quot;:false}</string>
</map>
