<?xml version='1.0' encoding='utf-8' standalone='yes' ?>
<map>
    <set name="fire-cls/18.4.3 fire-analytics/21.3.0 fire-fcm/23.2.1 fire-abt/21.1.1 fire-sessions/1.0.2 fire-core/20.3.3 fire-perf-ktx/unspecified device-name/raphael device-model/raphael android-installer/com.google.android.packageinstaller android-platform/ android-min-sdk/21 fire-gcs/20.2.1 fire-transport/18.1.8 device-brand/Xiaomi fire-perf/20.4.1 kotlin/1.7.20 fire-core-ktx/unspecified fire-db-ktx/unspecified fire-android/35 fire-installations/17.1.4 fire-rtdb/20.2.2 fire-rc/21.4.1 fire-dl/21.1.0 android-target-sdk/27">
        <string>2026-01-22</string>
    </set>
    <long name="fire-count" value="1" />
    <string name="last-used-date">2026-01-22</string>
    <long name="fire-global" value="1769097246253" />
</map>
