<?xml version='1.0' encoding='utf-8' standalone='yes' ?>
<map>
    <string name="deviceId:48K-8WW-754Z">__6aa5f062c5ed4c629a8aca3ec5801867</string>
    <int name="lastSessionId:48K-8WW-754Z" value="1769097245" />
    <string name="fcm_token:48K-8WW-754Z">eDrp1APaRaufFgglYyPhlK:APA91bFle0PctCnnSWKn7HPwjOwRsb04JwTgah8KfiK9mXSKeuLCmpk52-8Eg0r2HowsuwAT4EUFvgBPdUh6cpsu8XktVV8uVW5rmeM80GRSMnsvtCE_yeA</string>
    <boolean name="NetworkInfo:48K-8WW-754Z" value="true" />
    <int name="istc_inapp:__6aa5f062c5ed4c629a8aca3ec5801867:48K-8WW-754Z" value="0" />
    <string name="comms_dmn:48K-8WW-754Z">eu1.clevertap-prod.com</string>
    <int name="comms_last_ts:48K-8WW-754Z" value="1769097530" />
    <int name="comms_first_ts:48K-8WW-754Z" value="1769097247" />
    <int name="sexe:48K-8WW-754Z" value="1769097542" />
    <string name="ict_date:__6aa5f062c5ed4c629a8aca3ec5801867:48K-8WW-754Z">22012026</string>
    <int name="comms_mtd:48K-8WW-754Z" value="0" />
    <int name="pfjobid" value="238148191" />
    <string name="instance:48K-8WW-754Z">{&quot;accountId&quot;:&quot;48K-8WW-754Z&quot;,&quot;accountToken&quot;:&quot;00b-3b4&quot;,&quot;fcmSenderId&quot;:&quot;732565920259&quot;,&quot;analyticsOnly&quot;:false,&quot;isDefaultInstance&quot;:true,&quot;useGoogleAdId&quot;:false,&quot;disableAppLaunchedEvent&quot;:false,&quot;personalization&quot;:true,&quot;debugLevel&quot;:0,&quot;createdPostAppLaunch&quot;:false,&quot;sslPinning&quot;:false,&quot;backgroundSync&quot;:true,&quot;getEnableCustomCleverTapId&quot;:false,&quot;beta&quot;:false,&quot;allowedPushTypes&quot;:[&quot;FCM&quot;,&quot;XPS&quot;,&quot;HPS&quot;,&quot;BPS&quot;,&quot;ADM&quot;],&quot;encryptionLevel&quot;:0}</string>
    <boolean name="OptOut:__6aa5f062c5ed4c629a8aca3ec5801867:48K-8WW-754Z" value="false" />
    <string name="comms_dmn_spiky:48K-8WW-754Z">eu1-spiky.clevertap-prod.com</string>
    <string name="SP_KEY_PROFILE_IDENTITIES:48K-8WW-754Z">Email,Identity</string>
    <string name="cachedGUIDsKey:48K-8WW-754Z">{&quot;Email_&quot;:&quot;__6aa5f062c5ed4c629a8aca3ec5801867&quot;,&quot;Identity_2212200527188662002&quot;:&quot;__6aa5f062c5ed4c629a8aca3ec5801867&quot;,&quot;Email_rakibmunshi721@gmail.com&quot;:&quot;__6aa5f062c5ed4c629a8aca3ec5801867&quot;}</string>
</map>
