{"Fid":"cHVkz7YOLWGj5gtWAhXz9c","Status":3,"AuthToken":"eyJhbGciOiJFUzI1NiIsInR5cCI6IkpXVCJ9.eyJhcHBJZCI6IjE6NzMyNTY1OTIwMjU5OmFuZHJvaWQ6ZjZlNThhYjBlZDIwYzNjZCIsImV4cCI6MTc3MTAwMTc3NCwiZmlkIjoiY0hWa3o3WU9MV0dqNWd0V0FoWHo5YyIsInByb2plY3ROdW1iZXIiOjczMjU2NTkyMDI1OX0.AB2LPV8wRgIhAPm8vzPakju4Ez3l_HocE_m-PE3TrxoNpVvbA9U40il3AiEAhbxYf7nloL_GcGqKIkF80za4vVs4OEr75yGWCuYoyAY","RefreshToken":"3_AS3qfwImpKeet0kPcYyo7q_o4DWWLQKHfgoH8e4E99w74pohSUkf8dDaqUDZpAAr8UJMPEU-sfwm-I8JoPdnN_8N0m9u6lKDai5elVGTKKe5oqM","TokenCreationEpochInSecs":1770396974,"ExpiresInSecs":604800}