{"configs_key":{"AlsoHandleAcknowledgedPurchases":"true","AndroidTvAppVersion":"{\"minimumAppVersion\":\"5.19.29\",\"latestAppVersion\":\"5.19.29\"}","AppVersion":"{\"minimumAppVersion\":\"3.1.16\", \"latestAppVersion\":\"3.1.16\"}","BeaconConfig":"{\"isEnableQOS\": true, \"isBeaconEnable\": true, \"bufferInterval\": 15, \"interval\": 30}","EnableNewSubscribeFlow":"true","EventBanner":"{\"upcomingEventInfo\":{\"message\":\"Get 20% Off\\nUse code: DEAL20\",\"startTime\":\"2026-02-06T01:30:00Z\",\"endTime\":\"2026-02-08T18:29:59Z\",\"isActive\":true,\"accessLevels\":{\"subscribed\":false,\"loggedIn\":true,\"loggedOut\":true},\"buttonText\":\"Subscribe!\",\"messageColor\":\"#FFFFFFFF\",\"timerColor\":\"#FFFFFFFF\",\"buttonColor\":\"#FFd20820\",\"buttonTextColor\":\"#FFFFFFFF\",\"containerColor\":\"#FF212121\"}}","InAppReview":"{\"visitCount\":100, \"reVisitCount\":100}","LogResponseBody":"false","MandateOnly":"true","MaxAllowedCropAspectRatio":"0.48775","NewSubscriptionText":"{\"title\":\"Finish setting up your account to start watching\",\"loginDescription\":\"Use the link below in a browser of your choice to finish setting up your account\",\"signUpDescription\":\"Complete the sign-up process by using the link below in a browser of your choice or check the SMS we just sent to your registered phone number.\",\"url\":\"https:\/\/hoichoi.tv\/get-hoichoi?medium=app\",\"recurringPaymentText\":\"Subscription auto-renews at {recurringPaymentAmount} every {renewalCyclePeriod}. Cancel anytime\",\"recurringPaymentTextForIos\":\"You will be charged ₹799 for the first year, ₹999 thereafter until you cancel.\",\"policyAndTermsText\":\"See our Terms of Use & Privacy Policy for more details\",\"cardDisclaimerText\":\"Hoichoi will automatically continue your membership and charge the membership fee (currently {recurringPaymentAmount} every {renewalCyclePeriod}) to your payment method until you cancel. You may cancel at any time to avoid future charges.\"}","PaymentInfo":"{\"isSimplEnable\":false,\"upiApps\":[{\"appName\":\"PhonePe\",\"packageName\":\"com.phonepe.app\",\"isEnable\":true},{\"appName\":\"PayTm\",\"packageName\":\"net.one97.paytm\",\"isEnable\":false},{\"appName\":\"GooglePay\",\"packageName\":\"com.google.android.apps.nbu.paisa.user\",\"isEnable\":true},{\"appName\":\"BHIM UPI\",\"packageName\":\"in.org.npci.upiapp\",\"isEnable\":true},{\"appName\":\"SBI PAY\",\"packageName\":\"com.sbi.upi\",\"isEnable\":false},{\"appName\":\"ICICI\",\"packageName\":\"com.csam.icici.bank.imobile\",\"isEnable\":false},{\"appName\":\"YES BANK\",\"packageName\":\"com.atomyes\",\"isEnable\":false},{\"appName\":\"HDFC\",\"packageName\":\"com.snapwork.hdfc\",\"isEnable\":false},{\"appName\":\"AXIS\",\"packageName\":\"com.axis.mobile\",\"isEnable\":false}],\"supportedUpiHandles\":[{\"handleName\":\"apl\",\"isSupportMandate\":true,\"isEnable\":true},{\"handleName\":\"yapl\",\"isSupportMandate\":true,\"isEnable\":true},{\"handleName\":\"rapl\",\"isSupportMandate\":true,\"isEnable\":true},{\"handleName\":\"abfspay\",\"isSupportMandate\":true,\"isEnable\":true},{\"handleName\":\"upi\",\"isSupportMandate\":true,\"isEnable\":true},{\"handleName\":\"boi\",\"isSupportMandate\":true,\"isEnable\":true},{\"handleName\":\"cnrb\",\"isSupportMandate\":true,\"isEnable\":true},{\"handleName\":\"centralbank\",\"isSupportMandate\":true,\"isEnable\":true},{\"handleName\":\"dlb\",\"isSupportMandate\":true,\"isEnable\":true},{\"handleName\":\"indus\",\"isSupportMandate\":true,\"isEnable\":true},{\"handleName\":\"pnb\",\"isSupportMandate\":true,\"isEnable\":true},{\"handleName\":\"sbi\",\"isSupportMandate\":true,\"isEnable\":true},{\"handleName\":\"dbs\",\"isSupportMandate\":true,\"isEnable\":true},{\"handleName\":\"okhdfcbank\",\"isSupportMandate\":true,\"isEnable\":true},{\"handleName\":\"okaxis\",\"isSupportMandate\":true,\"isEnable\":true},{\"handleName\":\"okicici\",\"isSupportMandate\":true,\"isEnable\":true},{\"handleName\":\"oksbi\",\"isSupportMandate\":true,\"isEnable\":true},{\"handleName\":\"yesg\",\"isSupportMandate\":true,\"isEnable\":true},{\"handleName\":\"icici\",\"isSupportMandate\":true,\"isEnable\":true},{\"handleName\":\"jupiteraxis\",\"isSupportMandate\":true,\"isEnable\":true},{\"handleName\":\"ikwik\",\"isSupportMandate\":true,\"isEnable\":true},{\"handleName\":\"jio\",\"isSupportMandate\":true,\"isEnable\":true},{\"handleName\":\"naviaxis\",\"isSupportMandate\":true,\"isEnable\":true},{\"handleName\":\"paytm\",\"isSupportMandate\":false,\"isEnable\":true},{\"handleName\":\"pz\",\"isSupportMandate\":true,\"isEnable\":true},{\"handleName\":\"ybl\",\"isSupportMandate\":true,\"isEnable\":true},{\"handleName\":\"ibl\",\"isSupportMandate\":true,\"isEnable\":true},{\"handleName\":\"axl\",\"isSupportMandate\":true,\"isEnable\":true},{\"handleName\":\"shriramhdfcbank\",\"isSupportMandate\":true,\"isEnable\":true},{\"handleName\":\"sliceaxis\",\"isSupportMandate\":true,\"isEnable\":true},{\"handleName\":\"tapicici\",\"isSupportMandate\":true,\"isEnable\":true},{\"handleName\":\"pingpay\",\"isSupportMandate\":false,\"isEnable\":true},{\"handleName\":\"axisbank\",\"isSupportMandate\":false,\"isEnable\":true},{\"handleName\":\"axisb\",\"isSupportMandate\":false,\"isEnable\":true},{\"handleName\":\"fbl\",\"isSupportMandate\":false,\"isEnable\":true},{\"handleName\":\"hdfcbankjd\",\"isSupportMandate\":false,\"isEnable\":true},{\"handleName\":\"idfcbank\",\"isSupportMandate\":false,\"isEnable\":true},{\"handleName\":\"yesbank\",\"isSupportMandate\":false,\"isEnable\":true},{\"handleName\":\"barodapay\",\"isSupportMandate\":false,\"isEnable\":true},{\"handleName\":\"icicibank\",\"isSupportMandate\":false,\"isEnable\":true},{\"handleName\":\"myicici\",\"isSupportMandate\":false,\"isEnable\":true},{\"handleName\":\"hdfc\",\"isSupportMandate\":false,\"isEnable\":true},{\"handleName\":\"okahdfcbank\",\"isSupportMandate\":false,\"isEnable\":true},{\"handleName\":\"waicici\",\"isSupportMandate\":false,\"isEnable\":true},{\"handleName\":\"waaxis\",\"isSupportMandate\":false,\"isEnable\":true},{\"handleName\":\"wahdfcbank\",\"isSupportMandate\":false,\"isEnable\":true},{\"handleName\":\"wasbi\",\"isSupportMandate\":false,\"isEnable\":true},{\"handleName\":\"barodampay\",\"isSupportMandate\":true,\"isEnable\":true},{\"handleName\":\"fkaxis\",\"isSupportMandate\":false,\"isEnable\":true},{\"handleName\":\"goaxb\",\"isSupportMandate\":false,\"isEnable\":true},{\"handleName\":\"niyoicici\",\"isSupportMandate\":false,\"isEnable\":true},{\"handleName\":\"timecosmos\",\"isSupportMandate\":false,\"isEnable\":true},{\"handleName\":\"abcdicici\",\"isSupportMandate\":false,\"isEnable\":true},{\"handleName\":\"ptyes\",\"isSupportMandate\":true,\"isEnable\":true},{\"handleName\":\"ptaxis\",\"isSupportMandate\":true,\"isEnable\":true},{\"handleName\":\"pthdfc\",\"isSupportMandate\":true,\"isEnable\":true},{\"handleName\":\"ptsbi\",\"isSupportMandate\":true,\"isEnable\":true},{\"handleName\":\"yesfam\",\"isSupportMandate\":false,\"isEnable\":true},{\"handleName\":\"yespop\",\"isSupportMandate\":false,\"isEnable\":true},{\"handleName\":\"freoicici\",\"isSupportMandate\":false,\"isEnable\":true},{\"handleName\":\"superyes\",\"isSupportMandate\":false,\"isEnable\":true},{\"handleName\":\"yescred\",\"isSupportMandate\":true,\"isEnable\":true}],\"gateways\":[{\"name\":\"Bkash\",\"isEnable\":true,\"priority\":1,\"countries\":[\"BD\"]},{\"name\":\"SSLCOMMERZ\",\"isEnable\":false,\"priority\":2,\"countries\":[\"BD\"]},{\"name\":\"Juspay\",\"isEnable\":true,\"priority\":1,\"countries\":[\"IN\"]},{\"name\":\"GoogleIAP\",\"isEnable\":true,\"priority\":2,\"countries\":[\"IN\",\"*\"]}]}","PreviousSessionHeader":"Previous Sessions","Security":"{\"isPlayIntegrityEnabled\":true}","ShouldForceWidevineL3Explicitly":"true","ShouldLogToZoho":"true","ShowWaterMark":"false","SocialSignupInfo":"{\"isEnable\":true,\"countries\":[\"GB\"]}","SooperPrimaryGenres":"[\"Drama\", \"Romance\", \"Fantasy\", \"Thriller\", \"Hidden Identity\", \"Action\", \"Adventure\"]","SubscriptionCardsCount":"3","SubscriptionUIVersion":"1","SupportEmail":"","SupportWhatsapp":"916293666600","ViewPlansPage":"{\"showVerticalPlans\":true}","deleteAccountOption":"true","shouldSkipProxyApi":"true"},"fetch_time_key":1770562623696,"abt_experiments_key":[],"personalization_metadata_key":{},"template_version_number_key":388,"rollout_metadata_key":[]}